{
  "lightgbm_test_accuracy": 0.7917893851054878,
  "lightgbm_test_precision": 0.7238114026435194,
  "lightgbm_test_recall": 0.6399790685504971,
  "lightgbm_test_f1_score": 0.6793186446954268
}