model_type,accuracy,precision,recall,f1_score,best_cv_score
lightgbm,0.8191619915848527,0.824517060841307,0.8071756804524567,0.815754219880325,
