model_type,accuracy,precision,recall,f1_score,best_cv_score
lightgbm,0.7917893851054878,0.7238114026435194,0.6399790685504971,0.6793186446954268,
