model_type,accuracy,precision,recall,f1_score,best_cv_score
lightgbm,0.7937128087996634,0.726431804762842,0.643816500959358,0.682633623081191,
