{
  "random_forest_test_accuracy": 0.7777844563322714,
  "random_forest_test_precision": 0.6898545318910854,
  "random_forest_test_recall": 0.6452119309262166,
  "random_forest_test_f1_score": 0.666786840919333
}