{
  "timestamp": "2026-01-07T09:44:36.453747",
  "parameters": {
    "xgb__colsample_bytree": 0.7,
    "xgb__learning_rate": 0.05,
    "xgb__max_depth": 4,
    "xgb__n_estimators": 500,
    "xgb__subsample": 0.8
  },
  "test_metrics": {
    "accuracy": 0.7927510969525756,
    "precision": 0.7315096251266464,
    "recall": 0.6296877725449154,
    "f1_score": 0.67679040119985,
    "classification_report": {
      "Non-Priority": {
        "precision": 0.8185780208511365,
        "recall": 0.8784849596478357,
        "f1-score": 0.847474121914536,
        "support": 10904.0
      },
      "Priority": {
        "precision": 0.7315096251266464,
        "recall": 0.6296877725449154,
        "f1-score": 0.67679040119985,
        "support": 5733.0
      },
      "accuracy": 0.7927510969525756,
      "macro avg": {
        "precision": 0.7750438229888914,
        "recall": 0.7540863660963755,
        "f1-score": 0.762132261557193,
        "support": 16637.0
      },
      "weighted avg": {
        "precision": 0.7885748284072764,
        "recall": 0.7927510969525756,
        "f1-score": 0.7886576423294369,
        "support": 16637.0
      }
    },
    "confusion_matrix": [
      [
        9579,
        1325
      ],
      [
        2123,
        3610
      ]
    ]
  },
  "used_grid_search": false,
  "note": "Trained with default parameters (no grid search)"
}